xxxx      ,23,xxxx      ,
xxxxxxxxxx,23,xxxxxxxxxx,
z         ,,zz        ,
xxxx      ,23,xxxx      ,
xxxxxxxxxx,23,xxxxxxxxxx,
z         ,,zz        ,
xxxx      ,23,xxxx      ,
xxxxxxxxxx,23,xxxxxxxxxx,
z         ,,zz        ,
xxxx      ,23,xxxx      ,
xxxxxxxxxx,23,xxxxxxxxxx,
z         ,,zz        ,
xxxx      ,23,xxxx      ,
xxxxxxxxxx,23,xxxxxxxxxx,
z         ,,zz        ,
xxxx      ,23,xxxx      ,
xxxxxxxxxx,23,xxxxxxxxxx,
z         ,,zz        ,
xxxx      ,23,xxxx      ,
xxxxxxxxxx,23,xxxxxxxxxx,
z         ,,zz        ,
xxxx      ,23,xxxx      ,
xxxxxxxxxx,23,xxxxxxxxxx,
z         ,,zz        ,
xxxx      ,23,xxxx      ,
xxxxxxxxxx,23,xxxxxxxxxx,
z         ,,zz        ,
xxxx      ,23,xxxx      ,
xxxxxxxxxx,23,xxxxxxxxxx,
z         ,,zz        ,
xxxx      ,23,xxxx      ,
xxxxxxxxxx,23,xxxxxxxxxx,
z         ,,zz        ,
