,Kilroy              ,
10000,Nickos              ,
10000,George              ,
,Kilroy              ,
10000,Nickos              ,
10000,George              ,
,Kilroy              ,
10000,Nickos              ,
10000,George              ,
,Kilroy              ,
10000,Nickos              ,
10000,George              ,
,Kilroy              ,
10000,Nickos              ,
10000,George              ,
,Kilroy              ,
10000,Nickos              ,
10000,George              ,
,Kilroy              ,
10000,Nickos              ,
10000,George              ,
,Kilroy              ,
10000,Nickos              ,
10000,George              ,
,Kilroy              ,
10000,Nickos              ,
10000,George              ,
,Kilroy              ,
10000,Nickos              ,
10000,George              ,
,Kilroy              ,
10000,Nickos              ,
10000,George              ,
,Kilroy              ,
10000,Nickos              ,
10000,George              ,
,Kilroy              ,
10000,Nickos              ,
10000,George              ,
,Kilroy              ,
10000,Nickos              ,
10000,George              ,
,Kilroy              ,
10000,Nickos              ,
10000,George              ,
,Kilroy              ,
10000,Nickos              ,
10000,George              ,
,Kilroy              ,
10000,Nickos              ,
10000,George              ,
,Kilroy              ,
10000,Nickos              ,
10000,George              ,
